{
  "tags": [
    {
      "name": "Inputs",
      "tagType": "Folder",
      "tags": [
        {
          "valueSource": "memory",
          "dataType": "Boolean",
          "name": "Aut",
          "value": false,
          "tagType": "AtomicTag"
        },
        {
          "valueSource": "memory",
          "dataType": "Boolean",
          "name": "Start",
          "value": false,
          "tagType": "AtomicTag"
        },
        {
          "valueSource": "memory",
          "dataType": "Boolean",
          "name": "isStopped",
          "value": true,
          "tagType": "AtomicTag"
        },
        {
          "valueSource": "memory",
          "dataType": "Boolean",
          "name": "Stop",
          "value": false,
          "tagType": "AtomicTag"
        }
      ]
    },
    {
      "name": "Pipes",
      "tagType": "Folder",
      "tags": [
        {
          "valueSource": "memory",
          "dataType": "Float4",
          "name": "WaterInTag",
          "value": 485.0,
          "tagType": "AtomicTag"
        },
        {
          "valueSource": "memory",
          "dataType": "Float4",
          "name": "StorageOutTagX",
          "value": 103.0,
          "tagType": "AtomicTag"
        },
        {
          "valueSource": "memory",
          "dataType": "Float4",
          "name": "PumpOutTag",
          "value": 0.0,
          "tagType": "AtomicTag"
        },
        {
          "valueSource": "memory",
          "dataType": "Float4",
          "name": "ProdOutTagX",
          "value": 97.0,
          "tagType": "AtomicTag"
        },
        {
          "valueSource": "memory",
          "dataType": "Float4",
          "name": "ProdOutTagY",
          "value": 21.0,
          "tagType": "AtomicTag"
        },
        {
          "valueSource": "memory",
          "dataType": "Float4",
          "name": "StorageInTagX",
          "value": 81.0,
          "tagType": "AtomicTag"
        },
        {
          "valueSource": "memory",
          "dataType": "Float4",
          "name": "OutTag",
          "value": 0.0,
          "tagType": "AtomicTag"
        },
        {
          "valueSource": "memory",
          "dataType": "Float4",
          "name": "StorageInTagX2",
          "value": 126.0,
          "tagType": "AtomicTag"
        },
        {
          "valueSource": "memory",
          "dataType": "Float4",
          "name": "VaporOutTag",
          "value": 0.0,
          "tagType": "AtomicTag"
        },
        {
          "valueSource": "memory",
          "dataType": "Float4",
          "name": "StorageInTagY",
          "value": 753.0,
          "tagType": "AtomicTag"
        },
        {
          "valueSource": "memory",
          "dataType": "Float4",
          "name": "StorageOutTagY",
          "value": 16.0,
          "tagType": "AtomicTag"
        },
        {
          "valueSource": "memory",
          "dataType": "Float4",
          "name": "MixOutTag",
          "value": 0.0,
          "tagType": "AtomicTag"
        },
        {
          "valueSource": "memory",
          "dataType": "Float4",
          "name": "ProdPumpedTag",
          "value": 0.0,
          "tagType": "AtomicTag"
        },
        {
          "valueSource": "memory",
          "dataType": "Float4",
          "name": "PumpInTag",
          "value": 270.0,
          "tagType": "AtomicTag"
        },
        {
          "valueSource": "memory",
          "dataType": "Float4",
          "name": "VaporInTag",
          "value": 485.0,
          "tagType": "AtomicTag"
        },
        {
          "valueSource": "memory",
          "dataType": "Float4",
          "name": "StorageInTagY2",
          "value": 26.0,
          "tagType": "AtomicTag"
        },
        {
          "valueSource": "memory",
          "dataType": "Float4",
          "name": "WaterOutTag",
          "value": 0.0,
          "tagType": "AtomicTag"
        }
      ]
    },
    {
      "name": "Process",
      "tagType": "Folder",
      "tags": [
        {
          "valueSource": "memory",
          "historyMaxAge": 1,
          "historicalDeadbandStyle": "Analog_Compressed",
          "tagType": "AtomicTag",
          "dataType": "Float4",
          "historyProvider": "Historic",
          "historyMaxAgeUnits": "SEC",
          "name": "ReactorLevel",
          "historyEnabled": true,
          "value": 0.0,
          "sampleMode": "Periodic",
          "historySampleRate": 1
        },
        {
          "valueSource": "memory",
          "historyMaxAge": 1,
          "historicalDeadbandStyle": "Analog_Compressed",
          "alarms": [
            {
              "mode": "AboveValue",
              "setpointA": 4000.0,
              "notes": "Le Niveau du stock est superieur à 4000L",
              "name": "TankLevelHigh",
              "label": "Stock superieur à 4000L",
              "priority": "Critical",
              "displayPath": "Niveau Du Stock",
              "ackNotesReqd": false
            }
          ],
          "tagType": "AtomicTag",
          "dataType": "Float4",
          "historyProvider": "Historic",
          "historyMaxAgeUnits": "SEC",
          "name": "TankLevel",
          "historyEnabled": true,
          "value": 3978.0,
          "sampleMode": "Periodic",
          "historySampleRate": 1
        },
        {
          "valueSource": "memory",
          "dataType": "Boolean",
          "name": "Save",
          "value": false,
          "tagType": "AtomicTag"
        },
        {
          "valueSource": "memory",
          "historyMaxAge": 1,
          "alarms": [
            {
              "mode": "AboveValue",
              "setpointA": 60.0,
              "notes": "La température du réacteur a dépassé 60°C",
              "name": "TempAlarm",
              "label": "Température élevée",
              "priority": "Medium",
              "displayPath": "Temperature du reacteur"
            }
          ],
          "tagType": "AtomicTag",
          "dataType": "Float4",
          "historyProvider": "Historic",
          "historyMaxAgeUnits": "SEC",
          "name": "TempTag",
          "historyEnabled": true,
          "value": 20.0,
          "sampleMode": "Periodic",
          "historySampleRate": 1
        },
        {
          "valueSource": "memory",
          "dataType": "Boolean",
          "name": "isPumpingReactor",
          "value": false,
          "tagType": "AtomicTag"
        },
        {
          "valueSource": "memory",
          "dataType": "String",
          "name": "LiquidColor",
          "value": "#e56600",
          "tagType": "AtomicTag"
        },
        {
          "valueSource": "memory",
          "dataType": "Boolean",
          "name": "ReactorStateTag",
          "value": false,
          "tagType": "AtomicTag"
        },
        {
          "valueSource": "memory",
          "dataType": "Boolean",
          "name": "alarm",
          "value": false,
          "tagType": "AtomicTag"
        }
      ]
    },
    {
      "name": "Pumps",
      "tagType": "Folder",
      "tags": [
        {
          "valueSource": "memory",
          "dataType": "Boolean",
          "name": "MixPumpTag",
          "value": false,
          "tagType": "AtomicTag"
        },
        {
          "valueSource": "memory",
          "dataType": "Boolean",
          "name": "ProdPumpTag",
          "value": false,
          "tagType": "AtomicTag"
        }
      ]
    },
    {
      "name": "Valves",
      "tagType": "Folder",
      "tags": [
        {
          "valueSource": "memory",
          "dataType": "Boolean",
          "name": "OutValveTag",
          "value": false,
          "tagType": "AtomicTag"
        },
        {
          "valueSource": "memory",
          "dataType": "Boolean",
          "name": "VaporValveTag",
          "value": false,
          "tagType": "AtomicTag"
        },
        {
          "valueSource": "memory",
          "dataType": "Boolean",
          "name": "FillTankValve",
          "value": false,
          "tagType": "AtomicTag"
        },
        {
          "valueSource": "memory",
          "dataType": "Boolean",
          "name": "WaterValveTag",
          "value": false,
          "tagType": "AtomicTag"
        },
        {
          "valueSource": "memory",
          "dataType": "Boolean",
          "name": "MixValveTag",
          "value": false,
          "tagType": "AtomicTag"
        }
      ]
    }
  ]
}